title,authors,year,doi,ml_category,ml_models,ml_models_quote,target_properties,target_properties_quote,dataset_size,dataset_size_quote,data_type,data_type_quote,features,features_quote,num_features,performance_metric,performance_metric_quote,metric_value,metric_type,confidence
Can machine learning predict the liquidus temperature of binary alloys?,He Y.,2026,10.1016/j.actamat.2026.122220,trained,"linear regression, random forest, deep neural networks","We employ three fundamental machine learning (ML) models: linear regressions [68], random forest [69], and deep neural networks models [70].",liquidus temperature,"We evaluate the effect of four different feature vectors (Random, Comp, EP, PI) using Random Forest to predict T L .",85523,"The considered data originate from 429 binary alloy systems and each alloy system is represented by ∼ 201 compositions resulting in a total of 85,523 binary alloys altogether.",experimental,These predictions are compared to measured T L (considered as the true values) a linear regression model and the benchmark model.,"Physically Informed (PI), Elemental Properties (EP), Composition Fractions (Comp), Random (Rand)","We evaluate the effect of four different feature vectors (Random, Comp, EP, PI) using Random Forest to predict T L .",14,MAPE=0.44%,"Therefore, when separating training and testing data by alloys, a MAPE ≈ 0.44% when using the Physically Informed dataset with the random forest compare to a MAPE = 7.96 % when separating training and testing data by alloy system.",0.44,MAPE,high
Role of dislocation locking and unlocking in the yield strength anomaly of γ-TiAl revealed by machine-learning moment tensor potential,Tan A.M.Z.,2026,10.1016/j.actamat.2026.122169,trained,Moment Tensor Potential (MTP),Interatomic interactions are described by a recently-developed MLIP [25] based on the Moment Tensor Potential (MTP) framework [53].,"dislocation core structures and transitions, dislocation locking-unlocking mechanisms, dislocation glide, elastic constants, surface energies and decohesions, GSFE surfaces/lines","Most importantly, it reproduces many lattice and defect properties, including the elastic constants, surface energies and decohesions, GSFE surfaces/lines in both intermetallic phases, with greater accuracy compared to previous interatomic potentials.",NR,"We model this structural randomness by evaluating 10 different samples for each composition and temperature, and plot the mean transition times with error bars indicating the range of values obtained across the 10 samples as shown in Fig.",computational,Molecular dynamics (MD) and molecular statics (MS) simulations are performed using the Large-scale Atomic/Molecular Massively Parallel Simulator (LAMMPS) [56].,NR,NR,NR,NR,NR,NR,NR,low
Machine-learning prediction for solid–liquid interfacial properties from micrographs in Al–Cu and Fe–Mn alloys,Sakai Y.,2026,10.1016/j.actamat.2026.122172,trained,CNN (convolutional neural network),"A convolutional neural network (CNN) generally consists of three types of layers: convolution, pooling, and fully connected layers.","solid–liquid interfacial free energy (γ0), interfacial energy anisotropy (ϵ)","The CNN predictions are in good agreement with these references, indicating that the machine-learning model trained solely on simulation data can be used to experimentally estimate the solid–liquid interfacial free energy and its anisotropy.",43400,"In total, 25 × 1736 = 43,400 images were obtained for the Al–Cu alloy and 15 × 2576 = 38,640 images for the Fe–Mn alloy.",both,"In this study, all training data were generated from 2D quantitative phase-field simulations, whereas the experimental micrographs were obtained from cross-sections of 3D columnar dendrites, including regions away from the central axis.","microstructural descriptors, dendrite arm spacing, mean absolute curvature 〈|κ|〉, spectral power ratio Is/I0","We employed five descriptors listed in Table 2 , based on previously reported approaches for quantitative characterization of dendritic microstructures and image-processing techniques [36–38].",5,"MAPE=2.37% for γ0, MAPE=3.74% for ϵ","Although the details are omitted here, evaluation with test dataset yielded MAPEs of 2.37% for γ 0 and 3.74% for ϵ , indicating that a highly accurate model was established.",2.37,MAPE,high
Modulation of structural short-range order due to chemical patterning in multi-component amorphous interfacial complexions,Hessong E.C.,2026,10.1016/j.actamat.2026.122108,trained,MACE (ML-IAP for Cu-Zr-Nb),"As such, a new machine learning interatomic potential (ML-IAP) for the Cu-Zr-Nb system was created using the MACE package [48] based on 8692 different atomic configurations, with structural optimization and system energy calculations performed with density functional theory (DFT) using the Vienna ab initio simulation package (VASP).","structural short-range order (SSRO), amorphous complexion chemical patterning, dopant segregation/partitioning","The accurate simulation of the amorphous complexions and their chemical patterning means that important features are being predicted, opening the door for the investigation of SSRO.",8692,"As such, a new machine learning interatomic potential (ML-IAP) for the Cu-Zr-Nb system was created using the MACE package [48] based on 8692 different atomic configurations, with structural optimization and system energy calculations performed with density functional theory (DFT) using the Vienna ab initio simulation package (VASP).",both,"In addition to general validation of the ML-IAP against DFT calculations, our STEM observations of grain boundary segregation and chemical patterning allow the potential to be benchmarked against the exact behavior that is being investigated.","local chemical composition, configurational disorder parameter, common neighbor analysis (CNA), local entropy fingerprint","Grain boundary atoms were identified using common neighbor analysis (CNA) and a local entropy fingerprint was calculated [52], both using the OVITO software [53] A configurational disorder parameter was used to quantify local structure within the amorphous complexions and metallic glasses.",NR,RMSE=5.4 meV/atom (training) and 5.9 meV/atom (validation) for energy,"Figure S13 shows the results on training and validation datasets for the ML-IAP, where good performance is observed with small root mean square errors of 5.4 and 5.9 meV/atom for energy.",5.9,RMSE,medium
"Data-selective machine learning framework (DSML) for defect-aware, interpretable yield-strength prediction for LPBF-fabricated AlSi10Mg alloys",Lee J.A.,2026,10.1016/j.actamat.2026.122101,trained,"LASSO, LLAR, KNN, Ridge, BR, LR, ETR, Symbolic Regression (SR/PySR)","We compared the yield-strength prediction performance of various black-box models, including the least absolute shrinkage and selection operator (LASSO), lasso least angle regression (LLAR), k-nearest neighbors (KNN), ridge regression (Ridge), Bayesian ridge (BR), linear regression (LR), and ensemble tree regressor (ETR) models, as shown in Fig.","yield strength, porosity, cell size, grain size","In addition, microstructural features such as cell size ( d c e l l ), grain size ( d g r a i n ), porosity, and yield strength ( σ Y S ) were included to support comprehensive structure–property modeling.",155,"A total of 44 data combinations from published literature were compiled for Dataset 1 (details in Supplementary Data 1), encompassing key LPBF process parameters: laser power (LP), scan speed (SS), layer thickness (LT), hatch spacing (HS), preheating temperature ( T p r e ), and volumetric energy density (VED), calculated as (1) V E D ( J / m m 3 ) = L P H S x S S x L T .",both,"Dataset 2 consisted of 111 data combinations derived from experimental measurements (Supplementary Data 2), including the same process parameters and porosity data but excluding microstructural and mechanical properties.","laser power (LP), scan speed (SS), layer thickness (LT), hatch spacing (HS), preheating temperature (Tpre), volumetric energy density (VED), cell size (dcell), grain size (dgrain), porosity","To balance model robustness and complexity, we focused on process parameters and primary microstructural features ( d c e l l and d g r a i n ) as the most relevant inputs for yield-strength prediction.",9,R²=0.93,"Although both models demonstrate high predictive fidelity, σ Y S Model 4, constructed using the porosity prediction from the combined dataset, achieves a higher accuracy (MAE: 8.41, R 2 = 0.93) compared with σ Y S Model 3 (MAE = 8.60, R 2 = 0.91).",0.93,R2,high
Revealing cryo-loading induced twinning and its impact on titanium via correlative data-driven mechanomicroscopy,Liang X.,2026,10.1016/j.actamat.2026.122137,trained,"locally weighted linear regression (LWLR), ridge regression (RR)","While our dataset, comprising several thousand twin data entries and tens of thousands of nanoindentation data points, remains modest in scale for conventional deep learning architectures, it nonetheless provides sufficient information to elucidate microstructural evolution patterns and their corresponding influences on mechanical properties through the implementation of locally weighted linear regression (LWLR) and ridge regression (RR) algorithms.","hardness, yield strength, twin structure","Based on these microscale nanoindentation hardness variations, we can predict the macroscopic mechanical properties of pure titanium with different textures during cryogenic plastic deformation.",30000,"To further investigate the mechanisms underlying twin strengthening, ridge regression, a machine learning algorithm, was employed to analyze the ∼30,000 collected nanoindentation data points, as shown in Fig.",experimental,"11b, with the corresponding experimental hardness scatter points added. The matrix, according to our experimental results, exhibits the lowest hardness increment.","grain size, grain orientation, hardness","2 , comprising four key stages: first, a sufficient volume of EBSD data and nanoindentation data was collected; second, material parameters such as grain size, grain orientation and hardness were extracted from these raw datasets to construct the training dataset; third, the LWLR and RR algorithms were employed to analyze the training dataset and establish correlations between the various parameters; finally, prediction results were generated using the machine learning models, which were visualized as various prediction curves.",3,NR,NR,NR,NR,medium
Local chemical inhomogeneities in Al-containing multi-principal element alloys explored by utilizing an ab-initio based approach,Wang M.,2026,10.1016/j.actamat.2026.122090,trained,"Cluster Expansion (CE), LASSO","Furthermore, the Least absolute shrinkage and selection operator (LASSO) [37] is employed to identify the most relevant clusters, thereby enhancing the robustness and interpretability of the resulting CE model.","mixing enthalpy, chemical short-range order, yield strength, tensile ductility, phase separation temperature",These hierarchical chemical fluctuations enable the alloys to achieve roughly 20 % tensile ductility and a yield strength of 1390 MPa.,8371,"For the Ti-Al-Nb-Zr MPEAs studied here, first-principles calculations were performed using VASP for 8371 BCC reference configurations, each containing up to 16 atoms per unit cell.",both,"To further validate the computational predictions, experimental investigations were performed with two quaternary compositions, namely Ti50Al25Nb15Zr10 (Zr10) and Ti50Al25Nb5Zr20 (Zr20).","local chemical order, composition undulation, structural descriptors of local chemical environments",LCIs comprises two distinct yet intercorrelated structural features [14]: LCO and composition undulation.,NR,"RMSE=8.4 meV/atom, R²=0.995","1 (b) compares the mixing energies obtained from DFT calculations to those predicted by the CE model, which yields a root mean square error (RMSE) of 8.4 meV/atom and a correlation coefficient (R 2) value of 0.995, indicating a high accuracy and predictive capability of the fitted model.",8.4,RMSE,medium
Data-driven design of Nb-W refractory alloys using Transformer-based stress-strain modeling,Wei D.,2026,10.1016/j.actamat.2026.122123,trained,"MTGSS, SteelBERT, Transformer","These textual prompts are encoded using SteelBERT [44], a pre-trained domain-specific language model tailored for metallurgical language, producing semantic embeddings that are injected into the Transformer via a multi-head cross-attention mechanism.","yield strength, ultimate tensile strength, elongation to failure, stress-strain curves, strain hardening rate","The final alloy achieved a yield strength of 543 MPa, an ultimate tensile strength of 684 MPa, and an impressive elongation to failure of 28 %.",92,"The training dataset consists of 92 tensile stress-strain curves collected from two sources: 8 curves were obtained from published literature on refractory high-entropy alloys (RHEAs), and 84 were generated from our group’s experimental studies on Nb-based refractory alloys.",both,"The training dataset consists of 92 tensile stress-strain curves collected from two sources: 8 curves were obtained from published literature on refractory high-entropy alloys (RHEAs), and 84 were generated from our group’s experimental studies on Nb-based refractory alloys.","valence electron concentration (VEC), mixing enthalpy, mixing entropy, atomic size mismatch, strain fragment, natural language prompts","To complement the mechanical response data, we compute a set of physically meaningful alloy descriptors for each composition, including valence electron concentration (VEC), mixing enthalpy, mixing entropy, and atomic size mismatch.",NR,R²=0.87,"Averaged across folds, MTGSS attains an RMSE of 34.40 ± 3.15 MPa and an R2 of 0.87 ± 0.02, demonstrating robust predictive fidelity in an extrapolative regime.",0.87,R2,medium
Phase crossover enables large work output and low thermal hysteresis in shape memory actuation,Wang Y.,2026,10.1016/j.actamat.2026.122046,trained,Kriging surrogate models,"To optimize the processing parameters of the Ti50Ni41.3Cu 8 Hf0.3 Co0.4 alloy, Kriging surrogate models were constructed to predict three key properties: transformation enthalpy ( Δ H ), thermal hysteresis ( Δ T ), and hardness, across the entire virtual processing space.","transformation enthalpy, thermal hysteresis, hardness","The database contains processing parameters, chemical compositions, and experimentally measured properties, including transformation enthalpy ( Δ H ), thermal hysteresis ( Δ T ), and hardness, and was used for training and validating the surrogate models.",65,"A comprehensive experimental database comprising 65 TiNiCuHfCo alloys synthesized, processed, and characterized in our laboratory was constructed.",experimental,"A comprehensive experimental database comprising 65 TiNiCuHfCo alloys synthesized, processed, and characterized in our laboratory was constructed.","processing parameters, chemical compositions","The database contains processing parameters, chemical compositions, and experimentally measured properties, including transformation enthalpy ( Δ H ), thermal hysteresis ( Δ T ), and hardness, and was used for training and validating the surrogate models.",NR,R²=0.97,"The resulting RMSE values of 1.45, 2.4, and 0.25, and corresponding R 2 values of 0.97, 0.93, and 0.87 for Δ H , Δ T , and hardness, respectively, confirm that the models provide sufficient accuracy for guiding processing optimization.",0.97,R2,medium
Data-driven determination of the critical inclusion characteristic size in powder metallurgy superalloys,Wang H.,2026,10.1016/j.actamat.2026.122128,trained,"Ridge Regression, Support Vector Regression, Random Forest, MLP, Transformer, Gaussian Process Regression","To optimize model performance, this study compares several methods, including Ridge Regression (RR), Support Vector Regression (SVR), Random Forest (RF), and MLP, to determine the most effective approach for establishing key input-output relationships.","Fatigue indicator parameter (Max Pac), crack initiation, critical equivalent inclusion size","In contrast, we employed a data-driven approach where the correlation between inclusion characteristics (P ac=f(D, η, L)) and the FIP (Max Pac ), obtained from CPFE simulations, serves as the training dataset.",NR,"In contrast, we employed a data-driven approach where the correlation between inclusion characteristics (P ac=f(D, η, L)) and the FIP (Max Pac ), obtained from CPFE simulations, serves as the training dataset.",both,Such underlying relationships are often difficult to directly observe or quantify from traditional CPFE simulations or experimental data with a limited number of samples.,"inclusion characteristic size (D), aspect ratio (η), distance/location (L), crystal plasticity response variables f1, f2, f3","To further enhance the generalization capability, reliability, and physical interpretability of small-sample prediction in this study, three crystal plasticity response variables, denoted as f1, f2, and f3, were introduced as additional physics-informed input features.",6,NR,"The mean absolute error (MAE), mean absolute percentage error (MAPE), root mean square error (RMSE), and coefficient of determination (R²) are used to monitor the performance on both the training and validation sets, accurately reflecting the difference between predicted and simulated values",NR,NR,low
Hydrogen diffusion in TiCr2Hx Laves phases: A combined ab initio and machine-learning-potential study,Kumar P.,2026,10.1016/j.actamat.2026.122048,trained,"Moment tensor potentials (MTPs), C14-MTP, C15-MTP","These MLIPs, specifically moment tensor potentials (MTPs) [49], reproduce the DFT energies with an accuracy of approximately 3meV/atom for a wide range of hydrogen concentrations, i.e., TiCr2H x where 0 ≤ x ≤ 6.","Hydrogen diffusion coefficient, hydrogen migration/activation barriers",The hydrogen diffusion coefficient was computed from the mean squared displacement (MSD) of hydrogen atoms in an MD simulation.,19003,"Through this fine-tuning, 101 new configurations were added to the training dataset, increasing its size from 18902 to 19003 structures.",computational,"The MD-derived diffusion coefficients exhibit an Arrhenius-type behavior in the investigated temperature range (400–1000K), with activation barriers in good agreement with most experimental values.","Ti, Cr, H atomic configurations; tetrahedral interstitial sites (A2B2 sites)","The valence electron configurations in the PAW potentials were [ Ne ] 3 s 2 3 p 6 4 s 2 3 d 2 , [ Ar ] 4 s 1 3 d 5 and 1 s 1 for Ti, Cr, and H atoms, respectively.",NR,"RMSE=2.87 meV/atom (energy), 0.095 eV/Å (force)","The fine-tuned C14-MTP achieves RMSEs of 2.87meV/atom for energies and 0.095 eV/Å for forces on the training set, comparable to the original C14-MTP.",2.87,RMSE,medium
"Small features, big impact: Influence of overlooked microstructural features on high-entropy alloy predictions",Mousavi S.E.,2026,10.1016/j.actamat.2026.122009,trained,"Linear Regression, Support Vector Machines (SVM), Gaussian Process Regression (GPR), Kernel Approximation Regression (KAR), Neural Networks (NN)","From the simplicity and interpretability of Linear Regression to the flexibility of non-linear models like SVM and Neural Networks, these models offer a comprehensive approach for understanding predicted hardness of HEAs.",hardness,"To address the challenges, ML methods were explored for their ability to predict hardness accurately.",203,"By retaining the ability to capture non-linear interactions, KAR ensured that model performance remained robust while reducing computational demands, making it suitable for exploring the extensive compositional space of 203 alloys.",experimental,"2 shows the effects of individual alloying elements on hardness, derived directly from experimental data in the constructed dataset, with the concentrations of all other elements held constant.","elemental compositions of Al, Cr, Fe, Ni, and Ti","To address this issue, the number of features in this study was limited to five: the elemental compositions of Al, Cr, Fe, Ni, and Ti.",5,R²=0.94,"The coefficient of determination (R²) for the testing datasets reaches 0.94 for the GPR model, while the lowest R² value, 0.76, is obtained for the KAR model.",0.94,R2,high
Predicting Interstitial Solutes in Refractory Complex Concentrated Alloys via a Combined Experimental and Computational Workflow: A Case Study on Oxygen in NbTaTiHf,Huang A.,2026,10.1016/j.actamat.2026.122019,trained,"ORB-v2 universal machine-learning interatomic potential (MLIP), Monte Carlo–MLIP framework","For MLIP-based calculations, we used the pre-trained ORB-v2 universal potential [40] without further fine-tuning.","oxygen solubility, interstitial oxygen segregation and phase transformation, local chemical environments/short-range ordering, cold workability/deformability","Therefore, the calculation results provide an estimated reference for oxygen solubility that is consistent with experimental observations.",500,"To statistically evaluate the preferred local chemical environments of oxygen, we generated and analyzed a dataset of 500 randomly sampled 128-atom RCCA supercells, each containing a single interstitial oxygen atom.",both,"Second, the study was designed to directly couple experiments with atomistic simulations that explicitly probe chemical potential–driven solubility limits, rather than equilibrium phase diagrams.","octahedral interstitial site, six nearest neighboring metallic atoms, local neighboring atomic environment","For each O atom in the octahedral interstitial space, there are six nearest neighboring metallic atoms.",NR,MLIP uncertainty ~0.1 eV/atom vs DFT,"Furthermore, the intrinsic uncertainty of the ORB-v2 MLIP, benchmarked against DFT, is on the order of 0.1 eV/atom based on the results in Fig.",0.1,other,medium
Liquid metal embrittlement in Fe-Zn: What can we learn from atomistic simulations?,Brunner F.,2026,10.1016/j.actamat.2026.121989,trained,"ACE (atomic cluster expansion), MTP (moment tensor potential)","The atomic cluster expansion (ACE) approach [49], as implemented in the PACEMAKER software package [49–51,53], version 0.2.7, was used in this work to train Fe-Zn ML IAPs.","formation energy, elastic constants, traction-separation curves, grain boundary energy, brittle-to-ductile transition, dislocation emission, LME-induced fracture","[45] studied the ability of their Fe-Zn MTP to reproduce the formation energy E f and elastic constants C i j of ζ and Γ intermetallics, thereby also providing corresponding DFT reference values.",38366,"In total, the filtered and weighted Fe-Zn database used contains 10,711 (Meng) + 16,387 (Fioravanti) + 3 ⋅ 993 (DB I) + 8 , 289 (DB II) = 38 , 366 configurations with a total of 1 , 545 , 811 atoms.",computational,"Overall, DB I and II contain 10,639 structures with a total of 427,143 atoms, of which 1048 are DFT equilibrium structures, containing 35,363 atoms, and the rest are non-equilibrium structures, obtained via HAL.","atomic cluster expansion basis functions, valence electrons","Fe was modelled with 8 valence electrons and Zn with 12 valence electrons, to comply with the choices made in [52,54], respectively.",NR,"RMSE=9.4 meV/at (energy), 52.0 meV/Å (force) on testing","During the testing stage of the PACEMAKER training, energy and force RMSE values were reduced to 9.4meV/at and 52.0meV/Å, respectively.",9.4,RMSE,medium
Dual engine-driven strategy for advanced copper alloy design employing large language models,Tan F.,2026,10.1016/j.actamat.2025.121886,trained,"DNN, LSTM, LSTMNN, PPNN","For both hardness and EC predictions, the models ranked from highest to lowest training loss are as follows: deep neural network (DNN), long short-term memory (LSTM), LSTM-based neural network (LSTMNN), and PPNN models.","hardness, electrical conductivity",A series of compositions and processing parameters for Cu–Ni–Sn–X alloys was designed and used to predict their hardness and EC.,142000,"Approximately 142,000 paragraphs associated containing these physical entities were obtained using this approach, which formed a new corpus.",both,The CPMP relationship was further analyzed via experimental and DFT analyses.,"alloy features (chemical and physical properties of elements), OPT, TE",Data augmentation techniques were employed for converting the composition data into 96 alloy features [37].,96,"accuracy=92% (hardness: 92%, EC: 91%)","The PPNN model exhibited higher prediction accuracy compared with the other models (hardness: 92%, EC: 91%).",0.92,accuracy,high
Dislocation-mediated short-range order evolution during thermomechanical processing,Islam M.,2026,10.1016/j.actamat.2025.121838,trained,"atomic cluster expansion, Euclidean graph neural network","The resulting DFT energies and forces were used to train a machine learning interatomic potential based on the atomic cluster expansion framework, with hyperparameters optimized to balance both accuracy and generalization [44,52,53].","chemical short-range order (SRO), dislocation behavior under thermomechanical loading","To conduct accurate atomistic simulations of equiatomic TiTaVW alloy, we developed a machine learning interatomic potential tailored to capture the chemistry-sensitive mechanisms governing dislocation behavior under thermomechanical loading — mechanisms that conventional empirical potentials fail to represent accurately [13,36].",NR,"The training dataset for the potential included both perfect and defect configurations, carefully curated to capture the chemical and structural complexity relevant to the TMP of TiTaVW alloy.",computational,Density functional theory (DFT) calculations were performed to obtain energies and atomic forces for all configurations in the dataset (see Supplementary Information table 1).,"TiTaVW local motif, atomic size mismatch, electronegativity differences, mixing enthalpy","Both the thermodynamic driving force and the kinetics of SRO are governed by atomic size mismatch, electronegativity differences, and mixing enthalpy, all of which are expected to affect the model parameters.",NR,NR,"The resulting DFT energies and forces were used to train a machine learning interatomic potential based on the atomic cluster expansion framework, with hyperparameters optimized to balance both accuracy and generalization [44,52,53].",NR,NR,medium
Interfacial atomic vibration: A key dynamic characteristic for heterogeneous nucleation substrates,Wu D.,2026,10.1016/j.actamat.2026.121948,trained,Bayesian linear regression (MLFF),"While traditional force fields were trained based on static datasets, this method utilized Bayesian linear regression to dynamically construct potential energy surfaces during simulation.","interfacial structural ordering, atomic layering, in-plane ordering, vibrational density of states, grain refinement, templating efficiency","To characterize the dynamic features in the frequency domain, the vibrational density of states (VDOS) was derived from the velocity autocorrelation function (VACF) of the atoms in the AIMD-MLFF trajectories.",412,This hexagonal supercell (a = b = 12.16 Å) contains a total of 412 atoms and has a vacuum layer of 15 Å in the z direction to avoid periodic effects.,both,The agreement between theoretical and experimental results validates the effectiveness of this integrated design strategy.,"potential well depth (Ew), interfacial atomic amplitude β(z), static lattice mismatch, time-averaged ρ(z) of Al-PNL1","Based on these findings, interfacial atomic amplitude (especially β(z)) and static lattice mismatch can be used as key dynamic-static descriptors, and serve as criterions for designing efficient nucleation substrates.",NR,RMSE<0.05 eV/atom,"For these production runs, the MLFF demonstrated excellent convergence, reproducing DFT forces with a root-mean-square error (RMSE) consistently below 0.05 eV/atom.",0.05,RMSE,medium
Design of shape memory alloys with enhanced thermal management properties via adaptively constrained multi-objective optimization,Tian Y.,2026,10.1016/j.actamat.2025.121874,trained,"noise-aware Kriging, Gradient Boosting, CEHVI, EHVI","The noise-aware Kriging model is employed as a surrogate to predict latent heat and hysteresis, as well as to evaluate the uncertainties of these predictions.","latent heat, thermal hysteresis","The initial dataset consists of 125 samples of NiTi-based alloys collected from both our lab and the literature [26], with ten elements Ti, Ni, Cu, Hf, Zr, Nb, Co, Cr, Fe, V and two objectives (latent heat L and hysteresis Δ T ).",125,"The initial dataset consists of 125 samples of NiTi-based alloys collected from both our lab and the literature [26], with ten elements Ti, Ni, Cu, Hf, Zr, Nb, Co, Cr, Fe, V and two objectives (latent heat L and hysteresis Δ T ).",both,"The initial dataset consists of 125 samples of NiTi-based alloys collected from both our lab and the literature [26], with ten elements Ti, Ni, Cu, Hf, Zr, Nb, Co, Cr, Fe, V and two objectives (latent heat L and hysteresis Δ T ).","Valence Electron Number (VEN), difference in electronegativity (δχ), Λ, Ω, difference in atom radii (δr)","The reduced set of features for latent heat included Valence Electron Number (VEN), difference in electronegativity( δ χ ), parameters Λ and Ω .",31,"RMSE=3.76 J/g (latent heat), R²=0.84 (hysteresis)","After three experimental iterations, RMSE values decrease to 3.76 J/g (10.42%) and 7.20°C (7.45%), while R 2 values increase to 0.75 and 0.84, respectively, indicating that the models are progressively refined with iterations.",3.76,RMSE,high
High-throughput design of Mg-based alloy anodes for magnesium-ion batteries,Song Q.,2026,10.1016/j.actamat.2025.121824,trained,MAGUS (Machine learning And Graph theory assisted Universal structure Searcher),The Machine learning And Graph theory assisted Universal structure Searcher (MAGUS) was used to explore the enthalpy lowest structures [43–45].,"ductility, theoretical capacity, conductivity, magnesium affinity, anti-passivation, diffusion barrier","Through systematic theoretical calculations, we comprehensively evaluated six key performance parameters of machine learning-screened stable alloy systems (Mg5Sn6, Mg7Sn, Mg5Bi8, Mg7Sb, and Mg4Sb11): ductility, theoretical capacity, conductivity, magnesium affinity, anti-passivation, and diffusion barrier.",613,"Initially, utilizing the MAGUS high-throughput structure generation framework for Mg-Sn/Bi/Sb alloy systems, 613 stable configurations of Mg x Sn1- x , Mg x Bi1- x , and Mg x Sb1- x three distinct binary systems were identified through 40 generations of iteration combined with symmetry analysis for structural deduplication.",computational,"Vienna ab initio Simulation Package (VASP) was employed for structural optimization and electronic structure calculations [38,39].","phase stability, mechanical stability, thermodynamic stability, formation energy, elastic constants","For Mg-based alloy systems incorporating Sn, Sb, and Bi transition elements, we systematically screened 613 candidate materials and identified five structurally stable phases (Mg5Sn6, Mg7Sn, Mg5Bi8, Mg4Sb11, and Mg7Sb) that exhibit both mechanical and thermodynamic stability.",NR,diffusion barrier=0.168 eV,"Specifically, Mg7Sb exhibits an ultralow diffusion barrier of 0.168 eV, which is also much lower than those on reported two-dimensional anodes (Table S7), suggesting that it enables rapid Mg2+ migration [61–64].",0.168,other,medium
Atomic-scale insights into the exceptional pinning effect of the K bubbles on W grain boundary,Chen M.,2026,10.1016/j.actamat.2025.121845,trained,NEP (WK-NEP),"Using the obtained data, the first round of training was conducted in the GPUMD software, resulting in a preliminary WK-NEP.","equilibrium lattice constants, elastic constants, surface energies, vacancy/interstitial formation energies, melting point, diffusion energy barriers, substitution formation energy, GB migration, K bubble deformation, grain boundary pinning","The obtained WK-NEP was thoroughly validated against various fundamental physical properties of W and K, including equilibrium lattice constants, elastic constants, surface energies, vacancy/interstitial formation energies and melting point with comparisons made to experimental values, DFT calculations, and other empirical or machine-learned potentials.",3844,"The final dataset consists of 3844 structures, randomly divided into training and test sets in a 9:1 ratio.",computational,The Vienna Ab initio Simulation Package (VASP) was utilized to perform density functional theory (DFT) calculations [32].,NR,"For details on the NEP model framework and the composition of the training set, please refer to the supplementary materials.",NR,RMSE=141 meV/Å (force),"For the training set, the converged RMSEs were 10.3 meV/atom, 141 meV/ Å, and 54.6 meV/atom for energy, force, and virial, respectively.",141.0,RMSE,medium
Towards DFT-accurate prediction of twin interface structure and motion in NiTi shape memory alloys,Ţurcan E.,2026,10.1016/j.actamat.2025.121651,trained,"PACE-IAP (Atomic Cluster Expansion), MEAM-IAP, NN-IAP","In this work, we developed a machine learning interatomic potential (PACE-IAP) for NiTi SMAs utilising the ACE framework [39,43], based on an extensive DFT database [35].","lattice parameters, elastic constants, B2-B19' martensitic transformation, twinning in B19' martensite, martensite microstructure, phonon spectra","Our PACE-IAP outperforms current empirical [23] and neural network [35] potentials in accurately predicting lattice parameters, elastic constants, and crucial aspects of the B2–B19’ transformation, especially twinning in the B19’ martensite phase.",10626,"[35], and comprises 10,626 close-to-stoichiometric NiTi configurations obtained from ab initio molecular dynamics (AIMD) simulations, including, among others, equilibrium bulk phases (B2, B19’, B19, B33, and R), off-stoichiometric structures, and active learning-supplemented configurations (e.g., strained supercells and stacking faults).",computational,"[35], and comprises 10,626 close-to-stoichiometric NiTi configurations obtained from ab initio molecular dynamics (AIMD) simulations, including, among others, equilibrium bulk phases (B2, B19’, B19, B33, and R), off-stoichiometric structures, and active learning-supplemented configurations (e.g., strained supercells and stacking faults).","cutoff radius, number of basis functions, body order","The main adjustable hyperparameters within PACEMAKER [39,40,43,45] are the cutoff radius r , the number of basis functions f , and the body order ν .",3,"RMSE=1.83 meV/atom (energy), 77.41 meV/Å (force) on testing","For this potential, the corresponding training/testing energy and force RMSEs are 1.75/1.83 meV/atom and 76.96/77.41 meV/Å, respectively.",1.83,RMSE,high
Probing dendrite growth under microgravity via machine learning-aided multi-scale characterisation,Wu F.,2026,10.1016/j.actamat.2025.121659,trained,Convolutional Neural Network (CNN),Module 1 uses a Convolutional Neural Network (CNN) to conduct thresholding in a manner that adapts to the changing dynamic range within the X-ray videos.,"dendrite growth velocity, micro-segregation, dendrite thickness distribution, primary dendrite growth directions",Development of a novel machine learning enabled image analysis framework allowed frame to frame quantification of diffusion-controlled growth characteristics of large number of dendrites.,220,"When training is conducted for a given 220-frame video, 50 % of the experimental frames are reserved for training.",experimental,"To elucidate the distinct effects of gravity on solidification dynamics, solidification experiments were first conducted under terrestrial conditions and subsequently repeated under microgravity, using identical experimental configurations.","pixel intensity, X-ray absorption, material thickness, compositional distribution","Pixel intensity is closely related to X-ray absorption; since Al-Cu eutectic exhibits higher absorption than pure Al regions, these values serve as indicators of material thickness or compositional distribution.",NR,NR,This method achieved high-precision automatic dendrite identification while preserving original pixel values.,NR,NR,medium
Theory guided data-driven design of superelasticity in TiNi alloys over wide temperature window,Pang J.,2026,10.1016/j.actamat.2025.121633,trained,"Gaussian process regression (GPR), symbolic regression (SR), kernel ridge regression (KRR)","Three different surrogate models were trained using the above feature combinations: Gaussian process regression (GPR), symbolic regression (SR), and kernel ridge regression (KRR).","superelastic temperature window, phase boundary slope, martensitic transformation temperature, recoverable strain","The model predicts that the temperature window and phase boundary slope will diverge as the product of c and ratio of elastic constants, ϕ , tends to a limiting value.",185,"A training set comprising 185 data points, largely assembled from the literature and from our lab (see Supplementary Table S1), was employed to establish a surrogate model.",experimental,"We perform this by constructing machine learning models from experimental data sets to predict the phase diagrams in the whole compositional space, beyond the training data.","η, metallic radius, Clementi's atomic radii (arc), Pauling electronegativity, atomic number, valence electron numbers, valence electron numbers of average atomic number (ea), Waber-Cromer's pseudopotential radii, atomic mass, volume, First ionization energy, Cohesive Energy, Electron Binding Energy, Young's Modulus, Pettifor chemical scale, melting point, valence electron concentration","Our feature pool for the surrogate model consists of 17 types of features, including η , metallic radius, Clementi’s atomic radii ( a r c ), Pauling electronegativity, atomic number, valence electron numbers, valence electron numbers of average atomic number ( e a ), Waber-Cromer’s pseudopotential radii, atomic mass, volume, First ionization energy, Cohesive Energy, Electron Binding Energy, Young’s Modulus, Pettifor chemical scale, melting point and valence electron concentration.",17,KRR with largest R2 and minimum RMSE,"5(b-d) show the performance of KRR, SR and GPR on the training set with KRR performing better with the largest R2 and minimum RMSE.",NR,R2,medium
"Tailoring thermal transport in (Sc,Yb)AlN thin films to the glassy limit",Qian Z.,2026,10.1016/j.actamat.2025.121767,trained,NEP (neuromorphic/neuroevolution potential),"For HNEMD simulations and QHGK analysis, NEP [27] for Sc x Al1- x N and Yb x Al1- x N were constructed using the graphics processing unit molecular dynamics (GPUMD) package [29].","lattice thermal conductivity, phonon dispersion, phonon group velocity, phonon lifetime, mean free path","Leveraging the second order and third order interatomic force constant matrices, the generalized v g, D, τ, (mean free path) MFP and (participation ratio) PR of the vibration modes in the two alloys were calculated based on Equations 35-39 from QHGK.",NR,"During HNEMD simulations, fully relaxed randomly alloyed systems (21,120 atoms) were equilibrated at the target temperature for 200 ps in the isothermal–isobaric (NPT) ensemble and 200 ps in the canonical (NVT) ensemble, followed by 1.5 ns in the NVT ensemble to extract the heat current.",both,Our experimentally measured amorphous Yb0.538Al0.462 N sample lies close to the CWP bound of AlN rather than YbN.,"atomic configurations, triaxial strain, composition",Configurations with uniform triaxial strains ranging from -3% to 3% were also incorporated in the training dataset to increase the robustness of the NEP.,NR,NR,"The training process of NEP and the comparison between the force, energy, and viral from NEP prediction and DFT calculation are shown in Fig.",NR,NR,low
Design biomedical β-Ti alloys with exceptional strength-ductility balance via domain knowledge-based machine learning,He S.,2025,10.1016/j.actamat.2025.121550,trained,"SVR, RF, XGBT, ANN, DTR, LR","To further validate the robustness and reliability of the proposed SVR model, a comparative analysis is conducted against five other classical machine learning algorithms including Random Forest (RF), eXtreme Gradient Boosting Trees (XGBT), Artificial Neural Network (ANN), Decision Tree Regression (DTR), and Linear Regression (LR).","yield strength, elongation","Consequently, we assembled a titanium alloy database from literature [17,19,28,37–41] encompassing 82 distinct compositions, encompassing data on alloy composition, yield strength (YS), and elongation (E).",82,"Consequently, we assembled a titanium alloy database from literature [17,19,28,37–41] encompassing 82 distinct compositions, encompassing data on alloy composition, yield strength (YS), and elongation (E).",experimental,"Notably, the dataset comprises mechanical property data obtained from both tensile and compression tests, with a ratio of approximately 7:3.","Yang delta (YD), Yang omega (YO), Electronegativity delta (ED), Valance electron concentration (VEC), mean atomic number (AN), mean melting temperature (MT)","Six feature including Yang delta (YD), Yang omega (YO), Electronegativity delta (ED), Valance electron concentration (VEC), mean atomic number (AN), and mean melting temperature (MT) is considered [43,44].",6,R²=0.94 (YS),"The R2 values for YS and E are 0.94 and 0.77, respectively.",0.94,R2,high
Creating Gallium-based alloys with the lowest melting point via reverse design approach,Wu Y.,2025,10.1016/j.actamat.2025.121586,trained,"SVR, MLR, Lasso Regression, Ridge Regression, GBR, ANN, GPR","Subsequently, we evaluated multiple machine learning models (e.g., Support Vector Regression (SVR), Multiple Linear Regression (MLR), Lasso Regression (LR), Ridge Regression (RR), and Gradient Boosting Regression (GBR)) combined with a genetic algorithm, ultimately selecting an artificial neural network (ANN) with 17 key features as the core predictive tool.",melting point,"Next, we set the target melting point and integrated the ANN model into our proposed inverse design PSP method, which serves as a ""guiding indicator"" for the inverse search direction.",150,"In total, 150 usable samples with melting point information for low-melting-point alloys were collected, covering 19 different metal combinations, including Ga, In, Sn, Zn, Bi, Pb, Cd, Li, Al, Na, Gd, Ge, Tl, Ti, Ag, La, Cu, Sb, and Co.",experimental,"Through experimental characterization (e.g., Differential Scanning Calorimetry DSC), the results were fed back into the dataset, and the model was iteratively updated to gradually learn the distribution patterns around unknown target values, significantly improving the predictive accuracy of the ""guiding indicator"" until the current minimum melting point was surpassed.","atomic descriptors, elemental ratio descriptors, quantum numbers, atomic masses, group numbers","To comprehensively describe the low-melting-point alloy samples, 128 descriptors were generated, including 109 atomic and 19 elemental ratio descriptors, which covered various properties such as quantum numbers, atomic masses, and group numbers.",17,"RMSE=8.48, R=0.99 (test set)","Following hyperparameter optimization, an LOOCV RMSE of 7.89 and an R value of 0.99 were achieved for the training set, while an RMSE of 8.48 and an R value of 0.99 were recorded for the test set.",8.48,RMSE,high
Microstructure-agnostic deep learning for mechanistic discovery of corrosion-resistant Co-Cr-Fe-Ni MPEAs,Zhang Z.,2025,10.1016/j.actamat.2025.121619,trained,"Deep Neural Network (DNN), Linear Regression, Random Forest, Gradient Boosting, XGBoost, Kernel Ridge Regression, AdaBoost, Gaussian Process","After DFT calculations, five machine learning algorithms—Linear Regression, Random Forest, Gradient Boosting, XGBoost, and Kernel Ridge Regression—were employed to predict binding energies across varying local atomic environments.","corrosion rate (icorr / corrosion current density), oxygen binding energy","The trained model predicts corrosion rates across the entire Co-Cr-Fe-Ni MPEA compositional space, identifying underexplored compositions.",1400,"Ultimately, 1,400 data points from 455 papers were selected.",both,"All selected papers, along with new experimental data generated in this study used for re-training of the machine learning model, are provided in the Source Data.","VEC, atomic size difference, Pauling electronegativity, PB ratio, configurational entropy","Given the complex nature of corrosion—far more intricate than properties like phase prediction or mechanical behavior—we selected descriptors rooted in distinct physical principles: (1) VEC represents outer-shell electrons properties critical for bonding and phase formation; (2) atomic size reflects lattice structure-related characteristics; (3) Pauling electronegativity describes the atom's tendency to attract electrons, capturing chemical activity; (4) PB ratio characterizes the interface properties between the metal and its corrosion product, relevant to oxidation and corrosion kinetics; (5) configurational entropy indicates phase formation tendencies (e.g., single-phase vs.",5,R²=0.343 (MSE=0.428) on test set,"First, the DNN achieves the lowest testing MSE of 0.428, outperforming both traditional machine learning algorithms and Gaussian Process variants in predictive accuracy.",0.428,RMSE,high
Prediction and characterization of chemically complex σ−phase intermetallics with graph neural network,Zhang W.,2025,10.1016/j.actamat.2025.121427,trained,"ALIGNN, MLP","To obtain high accuracy in energy predictions, the ALIGNN (Atomistic Line Graph Neural Network) model is used, which utilizes two graphs to represent a crystal structure with explicit input of chemical features of the atoms, bond length and bond angles [34].","formation enthalpy, phase stability, Gibbs energy, configurational entropy","All formation enthalpy of end-member configurations in the σ − structure, within a 19-element chemical space, can be predicted by the ALIGNN model with an accuracy (RMSE) of 10meV/atom.",108408,"The final training data includes 108,408 entries enriched with diverse structural environments that include: (1) 17 , 745 × 3 = 53,235 DFT calculations of distorted structures (without relaxation) of the same 17,745 σ − configurations, and (2) 37,428 configurations of other common intermetallic phases in various structures: Laves, χ and A 15 phases (also see Appendix B).",computational,"Density functional theory (DFT) calculations are performed using the Vienna Ab initio Simulation Package (VASP) version 6.4.1 using PBE functionals with an energy cutoff of 400eV [31,32].","one-hot encoding of elements, chemical features of atoms, bond length, bond angles, structural parameters","Using the structural parameters of well-relaxed σ − configurations as the training dataset, predictions were done by multi-layer perceptron (MLP) regressors based on the one-hot encoding (OHE) representation of elements in the configurations.",NR,RMSE=10.2 meV/atom,"The RMSE for the final prediction of the formation enthalpy is 10.2meV/atom (MAE = 6.7meV/atom) without any prior information on relaxed structure, which is only slightly larger than the prediction error on the DFT-relaxed structure and reaches the desired accuracy.",10.2,RMSE,medium
"Uncertainty-aware machine learning framework for predicting dislocation plasticity and stress–strain response in metallic alloys, Part I: FCC systems",Luo J.,2025,10.1016/j.actamat.2025.121610,"trained, finetuned",Mixture Density Network (MDN),The framework includes: (i) training a mixture density network (MDN) [42] on experimental data from the literature to capture the uncertainty in experimental results; (ii) a methodology to synthetically represent polycrystalline microstructures given the expected microstructural statistic parameters; and (iii) laws based on physics that connect the MDN predictions at the single grain level with the polycrystalline response.,"stress-strain response, dislocation density evolution","Accurate prediction of the stress–strain response of FCC metals, in which dislocation plasticity is the key mechanism of deformation, requires several essential components.",3098,"Together, 94 experimental stress–strain curves were assembled and discretized into 3098 data points that span a wide range of grain sizes and yield strengths, as summarized in Fig.",experimental,The framework includes: (i) training a mixture density network (MDN) [42] on experimental data from the literature to capture the uncertainty in experimental results; (ii) a methodology to synthetically represent polycrystalline microstructures given the expected microstructural statistic parameters; and (iii) laws based on physics that connect the MDN predictions at the single grain level with the polycrystalline response.,"true strain, strain rate, average grain size, shear modulus, yield strength","3 Methods For the MDN training, the inputs include the five most widely reported features, including true strain, ϵ , strain rate, ϵ ̇ , average grain size, d a v e , shear modulus, μ , and yield strength, σ y .",5,NR,NR,NR,NR,medium
